timestamp,observation
119,6.7636003966841756
119.01906091172614,6.6113609498058317
119.03847368775739,7.238590533377522
119.05783273620975,5.4826761164363029
119.0780143431105,5.826753587018783
119.09777378720041,6.0735221533535313
119.11778944802988,7.7713151589864289
119.13803334988731,5.4136986891671581
119.1578010741689,7.4531150256288514
119.17843173187207,5.4725041349906629
119.1990090766412,6.0532342069713083
119.21866557350505,7.2192025999428768
119.23872998762023,7.6115335288375396
119.25842907961241,5.2420991936584755
119.2791644872805,5.6995115107873158
119.29926240419888,7.7383999337398608
119.31980647749685,6.6192170306485592
119.33887281629825,5.0386739615008906
119.35984850890587,6.7857892107615605
119.37886912086408,8.115788785011901
119.39948966602303,4.5306093745455911
119.42017494591188,5.4378087894029665
119.44007652514587,4.5288776632571786
119.46002079406355,8.8038858071283705
119.48017343045936,7.3809383317481165
119.50036674668499,6.8608209527474395
119.5200491874226,7.0109968301411749
119.53923834076168,6.8489614543376032
119.55952086137452,7.3650343226477428
119.5800819622891,7.2216611061756577
119.60066436935277,5.6268711504757309
119.62131208335016,5.9975233956753415
119.6405283207624,4.9675367349944208
119.65975799493246,7.1857857619708412
119.67875905102204,5.9765115917320326
119.69949562924346,5.7266504286478446
119.72031587084658,6.2805331751630389
119.74106178972312,6.3293494761620259
119.76140029026818,5.4641350482639366
119.78165885773473,7.3552802808793354
119.80112777693407,6.5061837507909583
119.82157474865562,6.0641389596657902
119.84086802074589,7.0807232724472859
119.86015579216293,6.3247699091896656
119.8810450643407,7.4547004881933994
119.90185959851877,7.4535366314507616
119.92234603498504,4.5301789097104059
119.94248396120238,7.2329043686709111
119.96232859842306,5.0725593784986698
119.98267161549745,7.542043340223775
120.00319970585534,5.4215775295456741
120.0238711999143,7.0783269279933121
120.04432283734576,5.7339599657975846
120.06473392181682,7.1040634546239971
120.08498589409859,5.5052339978588565
120.10487302914392,7.8212393263012956
120.1254058074534,7.3138443532774096
120.14529115931911,6.1117684130652705
120.16608103682877,7.7881230650347595
120.18660809557227,5.3156119178916734
120.20590681350782,5.689829150979552
120.22605925120001,6.1081866282276795
120.24671700384356,7.1823981750063695
120.26646558131262,5.1271343099758937
120.2861547709909,5.8321716670454391
120.30661183351981,6.0086351615726494
120.32742386761633,6.2094178300449023
120.34643135757264,7.3494498753954103
120.366173952902,6.2205024862249143
120.38621381904588,5.0381521481597726
120.40540751486527,5.049707817833772
120.42625598108661,7.7816186387337805
120.4461338472057,5.5360090715039556
120.4662090354536,5.3184362718552016
120.48535212602495,5.2488184658657273
120.50502580698077,4.7514950182822639
120.52602302793676,4.9524890752408544
120.54694221847421,4.6474115333175163
120.56762254599492,4.9066046589126877
120.58702341091606,6.5949014613605108
120.6067418697336,5.3000124703974176
120.62735055099277,5.129023466227383
120.64821255419005,5.8844741476690672
120.66845121423962,3.8058521492589459
120.68834078808446,4.8682109712839798
120.70805917028541,4.3103482584958419
120.72749575829246,3.9159231870332825
120.74680909263057,4.7466069506875135
120.76686666248952,3.3998703143559386
120.78661570840484,3.0286848437661105
120.80625299797946,2.9202375855617522
120.82615924160993,4.2196527236382426
120.84619853626057,4.1668103918930575
120.8661602559592,4.2168426121625755
120.88636540867823,4.4725103922493643
120.90587090405825,2.1366823281234835
120.92551221313036,4.013515419949222
120.94460611128761,3.6452671682370488
120.964981085652,2.9188231728973042
120.98482387337781,5.1515619155259467
121.00442352596542,4.8846227862726188
121.0246081468143,4.3114369679701854
121.04397612454351,5.3927998536948607
121.0639641199574,3.4699148003039935
121.0845772740799,3.4785008984463799
121.10448898696367,4.9415625191983255
121.12477838649595,4.0194486347659533
121.1456983971873,4.4193537523223663
121.16614224272102,5.0598304254488857
121.18548074003293,3.4693389382553526
121.20552595378221,3.0705915730916518
121.22608283446181,3.8511747779591352
121.24546466033803,4.8116969200638771
121.26518308402024,4.1549333220372402
121.2848185321443,3.3494896545312098
121.30515214323012,2.8961485267743052
121.32492495073603,3.3476473034127299
121.34516974317648,2.1450109265920645
121.36594622166702,4.7274871143676354
121.38671241845744,3.3596572357240237
121.40684777431558,4.0525087130862127
121.42657094487862,4.2782091908919373
121.44680634376135,2.3110340864880943
121.4661477649401,4.0849641773876746
121.48634903392595,3.2971010997174761
121.50678433033103,4.7260663843306698
121.52607530867267,2.3375673257425316
121.54579296821889,3.0374853762122123
121.56593117853471,2.7479235469394649
121.58678199136237,2.2001709157771629
121.60693830504295,1.0398789253281451
121.62630291604152,3.2764414951276128
121.64583118623062,2.4060777024548212
121.66554693671007,3.3418182212803398
121.68523114269424,3.827109523699312
121.70515798896231,2.2132647791092532
121.72487625725803,1.5126587709435433
121.74494430593248,2.5589333092124265
121.76444073176218,1.650111342753863
121.78538708315379,2.2388529442280141
121.80627102704713,1.1974653841015923
121.82704702481506,2.4127296904259419
121.84665888074308,0.92333108718039636
121.86584178019409,1.3383794391357093
121.88520262068715,2.8915669104506923
121.90605464998045,2.1605477427760729
121.92665012549863,4.0547405468495086
121.94612993391338,0.82510216406942372
121.96584866288424,2.2164383408848858
121.98679394388226,1.3944160531140728
122.00745403009847,1.5759788340353924
122.02829679987443,0.6761814359502577
122.04817286247022,3.0611059028076082
122.06777685495216,0.45539979604505387
122.0870598861993,-0.090716358415758536
122.10629316129322,1.8779233298487645
122.12653777456113,1.9625230071796547
122.14584443917515,0.90707717285654943
122.16522768558647,2.0703209705623982
122.18618472196873,-0.19439168014946329
122.20605840025036,0.49592274686131282
122.22678370557169,2.0080324442977595
122.24734979326786,0.52594109239957998
122.26667844784942,0.48114452888344028
122.2856848729144,1.1338904025917058
122.30644457454183,0.085788756477134659
122.32730328907924,0.43378995137704146
122.34807911823728,-1.1457861656563217
122.36887113863952,-0.092452804102755956
122.38943614056059,-0.19696258535117159
122.41041613155264,-1.2831137154345915
122.43125778513573,0.05685715478033504
122.4520825358188,-0.25334621634363208
122.47302494766708,0.89871513523034063
122.49390596252597,0.28493736446098494
122.51397854653571,1.2945023307658119
122.53455598896205,-2.2329396774767094
122.55367185484909,-0.83843157215907638
122.57433594367888,-1.7519176644153009
122.59404930674509,-0.67899022830620714
122.61348875526171,-0.23424684256104111
122.63444019965767,-0.60535508989962117
122.65417650400079,-1.9332862180903858
122.67417240891125,-1.6191833784997329
122.69516678680708,-0.9326109780959142
122.71418715535286,-0.94047054399794661
122.73368738854911,-0.17084651626573044
122.75283761185935,-2.9519313712421207
122.77216729866613,-1.3317861375470124
122.79245055251832,-1.7113281902483228
122.81214243040552,-0.18356028908431421
122.83171203735142,-0.56530810128018327
122.85244617171431,-0.71924076138453119
122.871617887573,-2.0847946734484415
122.89119904904379,-0.66356519505206113
122.91153788378914,-1.2838302247813618
122.93203115469986,-1.5066748539011552
122.9527881992593,-0.09035752164104216
122.97332374226566,-2.8173819991775755
122.9940564792545,-0.40585751546167104
123.01408245560596,-1.1767426816359814
123.03380323033532,-2.8793788122754265
123.05296626111669,-1.5113278746862833
123.07376488139639,-1.2805165394494442
123.09312215517272,-2.8853804231997433
123.11384234813394,-1.0804510185448342
123.13457650529303,-3.2664821021691703
123.15486937295924,-1.4730628383160989
123.17499722985923,-1.8281358454090599
123.19575324438019,-1.0561664661561165
123.21514094886599,-2.5257875274445745
123.23448766452367,-1.631833529118023
123.25460274334733,-1.0681259676370287
123.27506189365256,-3.0638624692158376
123.29594252624118,-2.2011877286588173
123.31494812420043,-1.2403851863856135
123.33542131414941,-2.3881197754365755
123.35541789795926,-4.1452628903051219
123.37533764612111,-3.326541698442687
123.39552698485211,-0.88538981565875297
123.41533787335142,-1.7846665733250566
123.43508168612566,-2.6159316786365738
123.45573780092832,-2.1541771288618241
123.4765009219138,-3.2102814707580891
123.49704390968724,-3.7562390534402104
123.51604996786293,-2.7410799753312847
123.53551438135563,-1.1658149826881905
123.55483635977633,-2.9938436376239075
123.57408427600815,-1.4680325974331137
123.59457823740301,-3.7362985430271065
123.61378271970253,-1.6398316039493464
123.6338918267457,-2.194836768142967
123.65444728049296,-4.5715891334878851
123.67423275080775,-2.9362477108203344
123.69378900761555,-1.7806373955566239
123.71290258313802,-3.7423548709709991
123.73205512205517,-3.955288906476131
123.7519056891143,-0.99834701383382596
123.77097930339652,-2.793636979478725
123.7916360830535,-3.160507677950565
123.81247877779411,-2.4293297859043559
123.83199475885343,-3.43980998951593
123.85128915473084,-3.6549322485699856
123.87204655569886,-2.739117691729211
123.89294857711546,-4.4365811793166561
123.91209306919909,-3.4638504236135867
123.93206485866659,-3.2792315156796943
123.95138720091603,-1.4257942780964856
123.97176642872296,-4.0485909034653158
123.99252688638188,-3.3445656769389696
124.01258762105975,-3.9333998911356662
124.03324961305333,-3.3940034734075688
124.05283003348184,-1.1075795454029564
124.07214374562912,-2.1594579935729077
124.09272280311653,-2.9818230684983025
124.11269292725059,-2.8272135441964159
124.13173896058497,-2.5782099560764919
124.15099017741136,-2.4786905103643386
124.17009871593744,-2.3291316499376311
124.18927298264757,-1.7979154614219552
124.2097953570879,-3.4126281762073081
124.23005676541018,-3.6461598973242979
124.25060799805043,-3.0928405039253462
124.26977858360434,-2.4143884389197621
124.28896668670068,-1.2899028624034039
124.30995809579434,-1.440154226766136
124.32929688429631,-2.8370648993511853
124.35029110528885,-3.7267230501646136
124.36953003491411,-3.2590259237574988
124.38991260468349,-1.6778265674664907
124.41077173077771,-2.3929812934790631
124.43068648875773,-2.1557059102629008
124.45112875237884,-1.357909843798345
124.4709101496731,-2.5957010173214186
124.49030858249441,-1.105052609717285
124.51040782113377,-1.7775692039604352
124.52989992996538,-3.3877156266192099
124.55082270856124,-2.4580339094465398
124.57079323643504,-3.3084948591490435
124.59016799546799,-0.47868586295779858
124.60988113366705,-2.3027274640719546
124.63060884468729,-1.0902939752662599
124.65088070968724,-2.1404442580877379
124.67162456477595,-2.5174715485008861
124.69125140387995,-2.5347888225017221
124.71134720693416,-3.4298605145205703
124.73089556323957,-4.1141779471187494
124.75108549859183,-1.886522996664981
124.77104339260046,-1.7366546298498287
124.79185347527691,-2.0283463687580712
124.81095741952991,-0.98069467695432166
124.83111974356382,-1.7112599361475542
124.8511488411947,-1.1665409707084009
124.87181620544959,-2.7278351186255172
124.89260967887733,-5.2625788683395971
124.91292706385016,-4.0436915471781703
124.93351742212289,-4.841936829123612
124.95442015387874,-2.2138123790505908
124.97359080940348,-1.9691700792436679
124.99298548597663,-4.5905189478924004
125.01379316202826,-1.34442885274512
125.03429037630963,-2.8469945519191819
125.05374764639453,-3.4530628613148329
125.07286019810726,-1.1284430420795568
125.09265071323111,-3.7831118801578865
125.11328941243104,-3.1719510256357513
125.13271917669924,-2.8050023190841196
125.15275427907871,-2.7712906215666839
125.17359434517752,-1.6198356483277547
125.19388674345549,-0.82981366165517678
125.21341884559482,-1.5621638480513873
125.23423002511799,-1.9850123082951501
125.25418796117866,-2.2846105432247552
125.27363269495579,-1.8755533866457519
125.29379177150707,-1.3756265911367462
125.31459228264028,-2.0858680975708577
125.33487353310798,-0.80870198749861255
125.35513376969833,-3.8925700509064236
125.37609700971844,-2.2082462954961155
125.39656034274702,-1.9165165121963759
125.4165524485925,-3.3584167016808726
125.43623126356317,-1.80037712065989
125.4558474145431,-1.7848128421852709
125.47598233993202,-1.7226324540302627
125.49575597794379,-1.844310285741495
125.51482236210562,-2.5412852807253632
125.53547163598715,-3.06711423640209
125.55622411635088,-0.86453990300342221
125.57550088275622,-2.1807899264406032
125.59522576783657,-1.6583951927553533
125.61564109400506,-1.7934047523966303
125.63505160917978,-2.2127748697903904
125.65539539126993,-2.5019170226262188
125.67540354712628,-1.1889601374058336
125.69463975375938,-1.3858553977051611
125.71539982475338,-3.2247992004452373
125.73495913399317,-2.7708481297485692
125.75395923243903,-1.6730321809211919
125.77321483768367,-2.1686065734587019
125.79414532440593,-1.5006195384363537
125.81504039428499,-1.4793049897223076
125.83536342676118,-1.6382063627293812
125.85452999286554,-3.5359385382041997
125.87403717351027,-3.5454625688038792
125.89383910112842,-3.4810810258853739
125.91338145783723,-5.7280419810168777
125.93289972380364,-2.2311622802541482
125.95344481008622,-2.2750689986972739
125.97267072989747,-2.1568380066278778
125.99296892408246,-2.2002262775624692
126.01374470023366,-3.026624745661163
126.03311268030642,-0.85821488867531182
126.05365373021745,-1.1571844012190411
126.07413445348594,-1.5731340298565599
126.09440377230251,-4.5122715620340763
126.1137641797722,-1.637602504915741
126.13330711363061,-1.5544727516741115
126.15273407792671,-1.1486818993448396
126.17209661688662,-2.8535319977595375
126.19225867475404,-3.1339001570062321
126.21179326862186,-1.6418082656947477
126.23260136399085,-2.3412238524435867
126.2531231892801,-2.9687253743718425
126.2733400218476,-1.9754798746922488
126.29383288761758,-1.9415205372610584
126.31470855470987,-2.5313266753659853
126.33545948061888,-2.1291342699478935
126.3563169232232,-1.1596973668556265
126.37535918923642,-1.1773452353936209
126.39439343299011,-3.641004045405583
126.41464315639253,-2.1631624406047245
126.43506150386597,-2.4097179308655465
126.45476630530202,-1.9322716402523021
126.47412769967664,-0.59241791337745764
126.49341518050102,-2.3826640928691947
126.51405275988874,-2.6776708893365546
126.53333251053819,-5.3262735183888683
126.55412066245975,-2.8264351734388042
126.57384358410667,-2.5086194433366793
126.59380721479947,-3.6147210277850843
126.61316902393577,-1.3466306028553188
126.63301698464386,-3.9971589071488873
126.65289867905675,-2.3834566970256441
126.67211081925653,-4.1047298780590555
126.69230103182255,-3.6104451692621988
126.71279230972263,-0.85751702937347596
126.73219588129835,-3.2170046699687522
126.75136540112014,-1.7688327648372473
126.77056663906616,-1.1165657205692197
126.7911142372354,-4.2394552914844219
126.81202970457365,-2.9241883900492009
126.83246753861846,-1.9371181231071719
126.85295767910512,-1.9436250816023297
126.87352739593899,-3.6608129206218853
126.89257561650349,-2.5555590638701831
126.91165646540119,-3.604507836369959
126.93070073876673,-2.6271007661143266
126.95136304655318,-2.5983631287866249
126.97197534422068,-2.5261924684511325
126.99209594786528,-3.6785198273087238
127.01176073629577,-1.5650742688994526
127.03185010201928,-1.167517580988044
127.0515581456845,-2.3796886182925636
127.07154587992842,-4.0884064314734312
127.09253032620883,-4.648226746746893
127.11256996480022,-3.8956243646841635
127.1328942722309,-4.2937840108438401
127.15224838133008,-3.4885895263389073
127.17161211885841,-2.1744658777457069
127.1916395505563,-3.2416325249709321
127.21154752861756,-3.8459968635728963
127.2306798278934,-3.7961729710703649
127.25164675700235,-2.5752117383898692
127.27119611817839,-2.9142912821069715
127.29207476025812,-1.6925753413316715
127.31132748755272,-3.1300314717164337
127.33099653394099,-1.990855067573295
127.3505083556521,-1.7121313501456856
127.37127094438711,-3.1635838997989998
127.39189873270114,-2.0161194368470516
127.41186004227765,-2.41015368174999
127.43266802511597,-1.2288038624305408
127.45275267856042,-3.3481200829028106
127.47280088715472,-1.8203361442790562
127.49217775660732,-0.17583587159393854
127.51166274488624,-2.6766549487233258
127.53067654465298,-2.0793029139210208
127.55040816361111,-1.8443691035655183
127.56959279857453,-0.86627760476891158
127.58899870769335,-2.423362038240632
127.60842861063308,-2.028845631330523
127.62767964937584,-0.50797026130673029
127.64729009840192,-2.9548206159418289
127.66772325959207,-2.1436822252931935
127.68686381308389,-2.8043776364014046
127.70609017464172,-0.70864077209047283
127.7268844168419,-0.81442496624734306
127.74716888158568,-2.0230157005509604
127.7674273998291,-1.1939957895005673
127.78736998319602,-1.2926563187700955
127.80732811425258,-1.3699432505235496
127.82736445247727,-1.0262670429530512
127.84807413939474,-2.4672928009401573
127.86730378689833,-1.3091630253235536
127.88827147368869,-1.8308717138175208
127.90879062730407,-0.18627038974485688
127.92969547989709,-0.19158296218345644
127.95026389894241,-0.75984687559535546
127.97060122322549,0.79397684691668435
127.9900686315672,1.5451272867068409
128.01067059863792,-1.0488562918289546
128.02975845578393,1.8699287963370392
128.05020300815852,0.57236494772319257
128.0694695219361,-1.6659049283604357
128.08991438509744,0.12027803459728831
128.11013791862197,-2.1939426347447943
128.13097779813282,0.846883188723353
128.15186281985396,-0.45723026453406823
128.17262215417534,-1.0253410994519332
128.19219744803786,0.13880704885213102
128.21272227472843,-0.52386127092579526
128.23287522406312,0.5293016161607389
128.25343585751321,1.101000208692684
128.27440610672627,1.5953176035025034
128.29486949117756,1.4178573523707638
128.31562556189095,0.53832555287858841
128.33554888732789,0.43103140377351296
128.35599016207544,1.4074397241953944
128.37578545019963,0.98777696307998208
128.39592192531734,1.250881566802448
128.41602177462644,0.49659987650546067
128.43579989110125,0.67567440958964387
128.45548556100232,1.7824687995121673
128.47580943125288,-0.025734702257820929
128.4957988462148,1.9244706461872219
128.51539127081332,1.5505220119687322
128.534415182587,-0.18450036736343156
128.55536651863875,1.7978072095291648
128.57584631827834,2.251145992334755
128.59509662208194,0.96690826832181542
128.61432933748597,1.5738155996274701
128.63520858700107,1.5914451915975529
128.65441128680001,1.2989066147069941
128.67378020449118,0.93231227135368122
128.69388161763442,0.92730254022313796
128.71291881370507,1.980668455227689
128.73369512546043,3.3990168638946034
128.75394577279664,1.4632614222529121
128.77329973746095,1.2294218412791964
128.79285264673527,1.7663720192380117
128.81330020049785,1.8512431531267253
128.83413634995239,2.0302324246143164
128.85422420065836,2.0804462939924968
128.87436607515266,2.6095679215508678
128.8946708671732,0.15707062322301946
128.91435941340785,2.8390871501622708
128.93459024388849,2.6899114549366803
128.95546081985717,1.0163191010305601
128.97518567222721,2.1971797063303211
128.99454123404348,2.9914544440041446
129.01549776534438,3.1404800293730277
